INSERT INTO `teachers` (id_teacher, name, lastname) VALUES (1, 'Pedro', 'Gonzales');
INSERT INTO `teachers` (id_teacher, name, lastname) VALUES (2, 'Ricardo', 'Centurion');
INSERT INTO `teachers` (id_teacher, name, lastname) VALUES (3, 'Ines', 'Perez');
INSERT INTO `teachers` (id_teacher, name, lastname) VALUES (4, 'Pedro', 'Fernandez');
INSERT INTO `teachers` (id_teacher, name, lastname) VALUES (5, 'Mabel', 'Paso');
INSERT INTO `teachers` (id_teacher, name, lastname) VALUES (6, 'Susana', 'Salvatierra');
INSERT INTO `teachers` (id_teacher, name, lastname) VALUES (7, 'Joaquin', 'Furriel');
INSERT INTO `teachers` (id_teacher, name, lastname) VALUES (8, 'Ricardo', 'Steph');
INSERT INTO `teachers` (id_teacher, name, lastname) VALUES (9, 'Alicia', 'Rosa');
INSERT INTO `teachers` (id_teacher, name, lastname) VALUES (10, 'Roberto', 'Chielini');
INSERT INTO `teachers` (id_teacher, name, lastname) VALUES (11, 'Marcelo', 'Gallardo');
INSERT INTO `teachers` (id_teacher, name, lastname) VALUES (12, 'Cristian', 'Quercia');
INSERT INTO `teachers` (id_teacher, name, lastname) VALUES (13, 'Micaela', 'Rodriguez');
INSERT INTO `teachers` (id_teacher, name, lastname) VALUES (14, 'Natalia', 'Luercio');
INSERT INTO `teachers` (id_teacher, name, lastname) VALUES (15, 'Marcela', 'Boom');
INSERT INTO `teachers` (id_teacher, name, lastname) VALUES (16, 'Nicolas', 'Perez');
INSERT INTO `teachers` (id_teacher, name, lastname) VALUES (17, 'Fabian', 'Correa');
INSERT INTO `teachers` (id_teacher, name, lastname) VALUES (18, 'Aixa', 'Hizto');
INSERT INTO `teachers` (id_teacher, name, lastname) VALUES (19, 'Javier', 'Caniete');
INSERT INTO `teachers` (id_teacher, name, lastname) VALUES (20, 'Nestor', 'Serravale');
INSERT INTO `teachers` (id_teacher, name, lastname) VALUES (21, 'Alejandro', 'Camba');
INSERT INTO `teachers` (id_teacher, name, lastname) VALUES (22, 'Mauricio', 'Enrique');
INSERT INTO `teachers` (id_teacher, name, lastname) VALUES (23, 'Sergio', 'Romero');
INSERT INTO `teachers` (id_teacher, name, lastname) VALUES (24, 'Luis', 'Suarez');
INSERT INTO `teachers` (id_teacher, name, lastname) VALUES (25, 'Nicolas', 'Stella');
INSERT INTO `teachers` (id_teacher, name, lastname) VALUES (26, 'Jorge', 'Ulto');
INSERT INTO `teachers` (id_teacher, name, lastname) VALUES (27, 'Natalia', 'Amoranto');
INSERT INTO `teachers` (id_teacher, name, lastname) VALUES (28, 'Enrique', 'Puentes');
INSERT INTO `teachers` (id_teacher, name, lastname) VALUES (29, 'Guillermo', 'Rauch');
INSERT INTO `teachers` (id_teacher, name, lastname) VALUES (30, 'Alejandro', 'Gil');
INSERT INTO `teachers` (id_teacher, name, lastname) VALUES (31, 'Tamara', 'Polti');
INSERT INTO `teachers` (id_teacher, name, lastname) VALUES (32, 'Laura', 'Tomassini');
INSERT INTO `teachers` (id_teacher, name, lastname) VALUES (33, 'Walter', 'Sharpe');

INSERT INTO `subjects` (id_subject, name, id_teacher) VALUES (1, 'Informática I', 1);
INSERT INTO `subjects` (id_subject, name, id_teacher) VALUES (2, 'Álgebra y Geometría Analítica', 2);				
INSERT INTO `subjects` (id_subject, name, id_teacher) VALUES (3, 'Análisis Matemático I', 2);
INSERT INTO `subjects` (id_subject, name, id_teacher) VALUES (4, 'Ingeniería y Sociedad', 7);
INSERT INTO `subjects` (id_subject, name, id_teacher) VALUES (5, 'Química General', 6);
INSERT INTO `subjects` (id_subject, name, id_teacher) VALUES (6, 'Física I', 4);				
INSERT INTO `subjects` (id_subject, name, id_teacher) VALUES (7, 'Sistemas de Representación', 5);			
INSERT INTO `subjects` (id_subject, name, id_teacher) VALUES (8, 'Informática II', 1);
INSERT INTO `subjects` (id_subject, name, id_teacher) VALUES (9, 'Análisis Matemático II', 2);
INSERT INTO `subjects` (id_subject, name, id_teacher) VALUES (10, 'Física II', 4);
INSERT INTO `subjects` (id_subject, name, id_teacher) VALUES (11, 'Probabilidad y Estadística', 5);
INSERT INTO `subjects` (id_subject, name, id_teacher) VALUES (12, 'Física Electrónica', 8);
INSERT INTO `subjects` (id_subject, name, id_teacher) VALUES (13, 'Inglés Técnico Nivel I', 9);
INSERT INTO `subjects` (id_subject, name, id_teacher) VALUES (14, 'Análisis de Señales y Sistemas', 10);
INSERT INTO `subjects` (id_subject, name, id_teacher) VALUES (15, 'Teoría de los Circuitos I', 11);
INSERT INTO `subjects` (id_subject, name, id_teacher) VALUES (16, 'Técnicas Digitales I', 5);
INSERT INTO `subjects` (id_subject, name, id_teacher) VALUES (17, 'Dispositivos Electrónicos', 8);
INSERT INTO `subjects` (id_subject, name, id_teacher) VALUES (18, 'Electrónica Aplicada I', 12);
INSERT INTO `subjects` (id_subject, name, id_teacher) VALUES (19, 'Medios de Enlace', 13);
INSERT INTO `subjects` (id_subject, name, id_teacher) VALUES (20, 'Inglés Técnico Nivel II', 9);
INSERT INTO `subjects` (id_subject, name, id_teacher) VALUES (21, 'Técnicas Digitales II', 5);
INSERT INTO `subjects` (id_subject, name, id_teacher) VALUES (22, 'Medidas Electrónicas I', 11);
INSERT INTO `subjects` (id_subject, name, id_teacher) VALUES (23, 'Teoría de los Circuitos II', 11);
INSERT INTO `subjects` (id_subject, name, id_teacher) VALUES (24, 'Máquinas e Instalaciones Eléctricas', 14);
INSERT INTO `subjects` (id_subject, name, id_teacher) VALUES (25, 'Legislación', 27);
INSERT INTO `subjects` (id_subject, name, id_teacher) VALUES (26, 'Sistemas de Comunicaciones', 14);
INSERT INTO `subjects` (id_subject, name, id_teacher) VALUES (27, 'Electrónica Aplicada II', 12);
INSERT INTO `subjects` (id_subject, name, id_teacher) VALUES (28, 'Seguridad, Higiene y Medio Ambiente', 15);
INSERT INTO `subjects` (id_subject, name, id_teacher) VALUES (29, 'Técnicas Digitales III', 5);
INSERT INTO `subjects` (id_subject, name, id_teacher) VALUES (30, 'Medidas Electrónicas II', 11);
INSERT INTO `subjects` (id_subject, name, id_teacher) VALUES (31, 'Sistemas de Control', 16);
INSERT INTO `subjects` (id_subject, name, id_teacher) VALUES (32, 'Electrónica Aplicada III', 12);	
INSERT INTO `subjects` (id_subject, name, id_teacher) VALUES (33, 'Tecnología Electrónica', 17);
INSERT INTO `subjects` (id_subject, name, id_teacher) VALUES (34, 'Electrónica de Potencia', 12);
INSERT INTO `subjects` (id_subject, name, id_teacher) VALUES (35, 'Organización Industrial', 18);
INSERT INTO `subjects` (id_subject, name, id_teacher) VALUES (36, 'Práctica Supervisada', 19);
INSERT INTO `subjects` (id_subject, name, id_teacher) VALUES (37, 'Economía', 20);
INSERT INTO `subjects` (id_subject, name, id_teacher) VALUES (38, 'Proyecto Final', 21);
INSERT INTO `subjects` (id_subject, name, id_teacher) VALUES (39, 'Aeronáutica I', 22);						
INSERT INTO `subjects` (id_subject, name, id_teacher) VALUES (40, 'Química', 6);							
INSERT INTO `subjects` (id_subject, name, id_teacher) VALUES (41, 'Computación', 1);				
INSERT INTO `subjects` (id_subject, name, id_teacher) VALUES (42, 'Aeronáutica II', 22);
INSERT INTO `subjects` (id_subject, name, id_teacher) VALUES (43, 'Estructuras Aeronáuticas I', 22);	
INSERT INTO `subjects` (id_subject, name, id_teacher) VALUES (44, 'Ciencia de los Materiales I', 23);	
INSERT INTO `subjects` (id_subject, name, id_teacher) VALUES (45, 'Mecánica', 25);	
INSERT INTO `subjects` (id_subject, name, id_teacher) VALUES (46, 'Ciencia de los Materiales II', 23);	
INSERT INTO `subjects` (id_subject, name, id_teacher) VALUES (47, 'Matemáticas Aplicadas a la Aeronáutica', 22);	
INSERT INTO `subjects` (id_subject, name, id_teacher) VALUES (48, 'Representación Gráfica en Aeronáutica', 22);
INSERT INTO `subjects` (id_subject, name, id_teacher) VALUES (49, 'Sistemas del Avión', 22);	
INSERT INTO `subjects` (id_subject, name, id_teacher) VALUES (50, 'Estructuras Aeronáuticas II', 22);
INSERT INTO `subjects` (id_subject, name, id_teacher) VALUES (51, 'Electrotecnia', 24);
INSERT INTO `subjects` (id_subject, name, id_teacher) VALUES (52, 'Mecánica del Continuo', 25);
INSERT INTO `subjects` (id_subject, name, id_teacher) VALUES (53, 'Termodinámica Técnica', 26);	
INSERT INTO `subjects` (id_subject, name, id_teacher) VALUES (54, 'Electrónica', 12);	
INSERT INTO `subjects` (id_subject, name, id_teacher) VALUES (55, 'Mecánica de los Fluidos', 26);	
INSERT INTO `subjects` (id_subject, name, id_teacher) VALUES (56, 'Proyecto y Diseño Aerodinámico', 22);
INSERT INTO `subjects` (id_subject, name, id_teacher) VALUES (57, 'Estructuras Aeronáuticas III', 22);	
INSERT INTO `subjects` (id_subject, name, id_teacher) VALUES (58, 'Mecanismos', 26);		
INSERT INTO `subjects` (id_subject, name, id_teacher) VALUES (59, 'Aerodinámica Teórica', 22);	
INSERT INTO `subjects` (id_subject, name, id_teacher) VALUES (60, 'Instrumentos y Mediciones', 26);	
INSERT INTO `subjects` (id_subject, name, id_teacher) VALUES (61, 'Mecánica del Vuelo', 25);
INSERT INTO `subjects` (id_subject, name, id_teacher) VALUES (62, 'Propulsión', 25);	
INSERT INTO `subjects` (id_subject, name, id_teacher) VALUES (63, 'Proyecto y Diseño de Estructuras Aeronáuticas', 22);
INSERT INTO `subjects` (id_subject, name, id_teacher) VALUES (64, 'Proceso de Fabricación de Aviones', 26);	
INSERT INTO `subjects` (id_subject, name, id_teacher) VALUES (65, 'Normativa Aeronáutica', 27);
INSERT INTO `subjects` (id_subject, name, id_teacher) VALUES (66, 'Mantenimiento General de Aeronaves', 28);
INSERT INTO `subjects` (id_subject, name, id_teacher) VALUES (67, 'Aeropuertos, Aeronavegación e Impacto Ambiental', 27);	
INSERT INTO `subjects` (id_subject, name, id_teacher) VALUES (68, 'Programación I', 29);			
INSERT INTO `subjects` (id_subject, name, id_teacher) VALUES (69, 'Sistema de Procesamiento de Datos', 30);			
INSERT INTO `subjects` (id_subject, name, id_teacher) VALUES (70, 'Matemática', 22);					
INSERT INTO `subjects` (id_subject, name, id_teacher) VALUES (71, 'Laboratorio de Computación I', 31);		
INSERT INTO `subjects` (id_subject, name, id_teacher) VALUES (72, 'Programación II', 29);
INSERT INTO `subjects` (id_subject, name, id_teacher) VALUES (73, 'Arquitectura y Sistemas Operativos', 30);
INSERT INTO `subjects` (id_subject, name, id_teacher) VALUES (74, 'Laboratorio de Computación II', 31);
INSERT INTO `subjects` (id_subject, name, id_teacher) VALUES (75, 'Metodología de la Investigación', 3);			
INSERT INTO `subjects` (id_subject, name, id_teacher) VALUES (76, 'Programación III', 29);
INSERT INTO `subjects` (id_subject, name, id_teacher) VALUES (77, 'Organización Contable de la Empresa', 32);
INSERT INTO `subjects` (id_subject, name, id_teacher) VALUES (78, 'Organización Empresarial', 32);
INSERT INTO `subjects` (id_subject, name, id_teacher) VALUES (79, 'Elementos de la Investigación Operativa', 33);
INSERT INTO `subjects` (id_subject, name, id_teacher) VALUES (80, 'Laboratorio de Computación III', 30);
INSERT INTO `subjects` (id_subject, name, id_teacher) VALUES (81, 'Metodología de Sistemas', 3);
INSERT INTO `subjects` (id_subject, name, id_teacher) VALUES (82, 'Diseño y Administración de Bases de Datos', 31);		
INSERT INTO `subjects` (id_subject, name, id_teacher) VALUES (83, 'Laboratorio de Computación IV', 29);

INSERT INTO `careers` (id_career, name) VALUES (1, 'Ingeniería Electrónica');
INSERT INTO `careers` (id_career, name) VALUES (2, 'Ingeniería Aeronáutica');
INSERT INTO `careers` (id_career, name) VALUES (3, 'Tecnicatura Universitaria en Programación');

INSERT INTO `students` (id_student, id_career,identifier, name, lastname, email, password) VALUES (1,3,26070, "Nicolas","Schleicher" ,"nicosc41@gmail.com","29987e08ab73577b171e3cd96a4c643387014c6d25e0c92d130908effcfd71be");
INSERT INTO `students` (id_student, id_career,identifier, name, lastname, email, password) VALUES (2,1,25492,"Jose" ,"Ramon" ,"ramon@gmail.com","29987e08ab73577b171e3cd96a4c643387014c6d25e0c92d130908effcfd71be");



INSERT INTO `students_subjects` (id_student, id_subject,status) VALUES (1, 1, "inscripto");
INSERT INTO `students_subjects` (id_student, id_subject,status) VALUES (1, 2, "inscripto");
INSERT INTO `students_subjects` (id_student, id_subject,status) VALUES (1, 3, "inscripto");
INSERT INTO `students_subjects` (id_student, id_subject,status) VALUES (1, 4, "inscripto");
INSERT INTO `students_subjects` (id_student, id_subject,status) VALUES (1, 5, "inscripto");
INSERT INTO `students_subjects` (id_student, id_subject,status) VALUES (1, 6, "inscripto");
INSERT INTO `students_subjects` (id_student, id_subject,status) VALUES (1, 7, "inscripto");
INSERT INTO `students_subjects` (id_student, id_subject,status) VALUES (1, 8, "inscripto");
INSERT INTO `students_subjects` (id_student, id_subject,status) VALUES (1, 9, "inscripto");





INSERT INTO `subjects_careers` (id_subject, id_career) VALUES (1, 1);
INSERT INTO `subjects_careers` (id_subject, id_career) VALUES (2, 1);
INSERT INTO `subjects_careers` (id_subject, id_career) VALUES (3, 1);
INSERT INTO `subjects_careers` (id_subject, id_career) VALUES (4, 1);
INSERT INTO `subjects_careers` (id_subject, id_career) VALUES (5, 1);
INSERT INTO `subjects_careers` (id_subject, id_career) VALUES (6, 1);
INSERT INTO `subjects_careers` (id_subject, id_career) VALUES (7, 1);
INSERT INTO `subjects_careers` (id_subject, id_career) VALUES (8, 1);
INSERT INTO `subjects_careers` (id_subject, id_career) VALUES (9, 1);
INSERT INTO `subjects_careers` (id_subject, id_career) VALUES (10, 1);
INSERT INTO `subjects_careers` (id_subject, id_career) VALUES (11, 1);
INSERT INTO `subjects_careers` (id_subject, id_career) VALUES (12, 1);
INSERT INTO `subjects_careers` (id_subject, id_career) VALUES (13, 1);
INSERT INTO `subjects_careers` (id_subject, id_career) VALUES (14, 1);
INSERT INTO `subjects_careers` (id_subject, id_career) VALUES (15, 1);
INSERT INTO `subjects_careers` (id_subject, id_career) VALUES (16, 1);
INSERT INTO `subjects_careers` (id_subject, id_career) VALUES (17, 1);
INSERT INTO `subjects_careers` (id_subject, id_career) VALUES (18, 1);
INSERT INTO `subjects_careers` (id_subject, id_career) VALUES (19, 1);
INSERT INTO `subjects_careers` (id_subject, id_career) VALUES (20, 1);
INSERT INTO `subjects_careers` (id_subject, id_career) VALUES (21, 1);
INSERT INTO `subjects_careers` (id_subject, id_career) VALUES (22, 1);
INSERT INTO `subjects_careers` (id_subject, id_career) VALUES (23, 1);
INSERT INTO `subjects_careers` (id_subject, id_career) VALUES (24, 1);
INSERT INTO `subjects_careers` (id_subject, id_career) VALUES (25, 1);
INSERT INTO `subjects_careers` (id_subject, id_career) VALUES (26, 1);
INSERT INTO `subjects_careers` (id_subject, id_career) VALUES (27, 1);
INSERT INTO `subjects_careers` (id_subject, id_career) VALUES (28, 1);
INSERT INTO `subjects_careers` (id_subject, id_career) VALUES (29, 1);
INSERT INTO `subjects_careers` (id_subject, id_career) VALUES (30, 1);
INSERT INTO `subjects_careers` (id_subject, id_career) VALUES (31, 1);
INSERT INTO `subjects_careers` (id_subject, id_career) VALUES (32, 1);
INSERT INTO `subjects_careers` (id_subject, id_career) VALUES (33, 1);
INSERT INTO `subjects_careers` (id_subject, id_career) VALUES (34, 1);
INSERT INTO `subjects_careers` (id_subject, id_career) VALUES (35, 1);
INSERT INTO `subjects_careers` (id_subject, id_career) VALUES (36, 1);
INSERT INTO `subjects_careers` (id_subject, id_career) VALUES (37, 1);
INSERT INTO `subjects_careers` (id_subject, id_career) VALUES (38, 1);
INSERT INTO `subjects_careers` (id_subject, id_career) VALUES (3, 2);
INSERT INTO `subjects_careers` (id_subject, id_career) VALUES (9, 2);
INSERT INTO `subjects_careers` (id_subject, id_career) VALUES (25, 2);
INSERT INTO `subjects_careers` (id_subject, id_career) VALUES (39, 2);
INSERT INTO `subjects_careers` (id_subject, id_career) VALUES (40, 2);
INSERT INTO `subjects_careers` (id_subject, id_career) VALUES (41, 2);
INSERT INTO `subjects_careers` (id_subject, id_career) VALUES (42, 2);
INSERT INTO `subjects_careers` (id_subject, id_career) VALUES (43, 2);
INSERT INTO `subjects_careers` (id_subject, id_career) VALUES (44, 2);
INSERT INTO `subjects_careers` (id_subject, id_career) VALUES (45, 2);
INSERT INTO `subjects_careers` (id_subject, id_career) VALUES (46, 2);
INSERT INTO `subjects_careers` (id_subject, id_career) VALUES (47, 2);
INSERT INTO `subjects_careers` (id_subject, id_career) VALUES (48, 2);
INSERT INTO `subjects_careers` (id_subject, id_career) VALUES (49, 2);
INSERT INTO `subjects_careers` (id_subject, id_career) VALUES (50, 2);
INSERT INTO `subjects_careers` (id_subject, id_career) VALUES (51, 2);
INSERT INTO `subjects_careers` (id_subject, id_career) VALUES (52, 2);
INSERT INTO `subjects_careers` (id_subject, id_career) VALUES (53, 2);
INSERT INTO `subjects_careers` (id_subject, id_career) VALUES (54, 2);
INSERT INTO `subjects_careers` (id_subject, id_career) VALUES (55, 2);
INSERT INTO `subjects_careers` (id_subject, id_career) VALUES (56, 2);
INSERT INTO `subjects_careers` (id_subject, id_career) VALUES (57, 2);
INSERT INTO `subjects_careers` (id_subject, id_career) VALUES (58, 2);
INSERT INTO `subjects_careers` (id_subject, id_career) VALUES (59, 2);
INSERT INTO `subjects_careers` (id_subject, id_career) VALUES (60, 2);
INSERT INTO `subjects_careers` (id_subject, id_career) VALUES (61, 2);
INSERT INTO `subjects_careers` (id_subject, id_career) VALUES (62, 2);
INSERT INTO `subjects_careers` (id_subject, id_career) VALUES (63, 2);
INSERT INTO `subjects_careers` (id_subject, id_career) VALUES (64, 2);
INSERT INTO `subjects_careers` (id_subject, id_career) VALUES (65, 2);
INSERT INTO `subjects_careers` (id_subject, id_career) VALUES (66, 2);
INSERT INTO `subjects_careers` (id_subject, id_career) VALUES (67, 2);
INSERT INTO `subjects_careers` (id_subject, id_career) VALUES (25, 3);
INSERT INTO `subjects_careers` (id_subject, id_career) VALUES (68, 3);
INSERT INTO `subjects_careers` (id_subject, id_career) VALUES (69, 3);
INSERT INTO `subjects_careers` (id_subject, id_career) VALUES (70, 3);
INSERT INTO `subjects_careers` (id_subject, id_career) VALUES (71, 3);
INSERT INTO `subjects_careers` (id_subject, id_career) VALUES (72, 3);
INSERT INTO `subjects_careers` (id_subject, id_career) VALUES (73, 3);
INSERT INTO `subjects_careers` (id_subject, id_career) VALUES (74, 3);
INSERT INTO `subjects_careers` (id_subject, id_career) VALUES (75, 3);
INSERT INTO `subjects_careers` (id_subject, id_career) VALUES (76, 3);
INSERT INTO `subjects_careers` (id_subject, id_career) VALUES (77, 3);
INSERT INTO `subjects_careers` (id_subject, id_career) VALUES (78, 3);
INSERT INTO `subjects_careers` (id_subject, id_career) VALUES (79, 3);
INSERT INTO `subjects_careers` (id_subject, id_career) VALUES (80, 3);
INSERT INTO `subjects_careers` (id_subject, id_career) VALUES (81, 3);
INSERT INTO `subjects_careers` (id_subject, id_career) VALUES (82, 3);
INSERT INTO `subjects_careers` (id_subject, id_career) VALUES (83, 3);

INSERT INTO `administrators` (id_administrator, name, lastname, email, password) VALUES (1, "administrator", "administrator", "administrator@sarasa.com", "29987e08ab73577b171e3cd96a4c643387014c6d25e0c92d130908effcfd71be");
