INSERT INTO `subjects` (id_subject, name, teacher) VALUES (1, 'Informática I','Pedro Gonzales');
INSERT INTO `subjects` (id_subject, name, teacher) VALUES (2, 'Álgebra y Geometría Analítica', 'Ricardo Centurión');				
INSERT INTO `subjects` (id_subject, name, teacher) VALUES (3, 'Análisis Matemático I', 'Guillermo Schelotto');
INSERT INTO `subjects` (id_subject, name, teacher) VALUES (4, 'Ingeniería y Sociedad', 'Martin Palermo');
INSERT INTO `subjects` (id_subject, name, teacher) VALUES (5, 'Química General', 'Mauro Zarate');
INSERT INTO `subjects` (id_subject, name, teacher) VALUES (6, 'Física I', 'Roberto Ayala');				
INSERT INTO `subjects` (id_subject, name, teacher) VALUES (7, 'Sistemas de Representación', 'Guillermina Valdez');			
INSERT INTO `subjects` (id_subject, name, teacher) VALUES (8, 'Informática II', 'Rocio Marengo');
INSERT INTO `subjects` (id_subject, name, teacher) VALUES (9, 'Análisis Matemático II', 'Agustina Cherri');
INSERT INTO `subjects` (id_subject, name, teacher) VALUES (10, 'Física II', 'Roberto Ayala');
INSERT INTO `subjects` (id_subject, name, teacher) VALUES (11, 'Probabilidad y Estadística', 'Agustin Cherri');
INSERT INTO `subjects` (id_subject, name, teacher) VALUES (12, 'Física Electrónica', 'Fabian Cubero');
INSERT INTO `subjects` (id_subject, name, teacher) VALUES (13, 'Inglés Técnico Nivel I', 'Carlos Tevez');
INSERT INTO `subjects` (id_subject, name, teacher) VALUES (14, 'Análisis de Señales y Sistemas', 'Roberto Chiellini');
INSERT INTO `subjects` (id_subject, name, teacher) VALUES (15, 'Teoría de los Circuitos I', 'Marcelo Gallardo');
INSERT INTO `subjects` (id_subject, name, teacher) VALUES (16, 'Técnicas Digitales I', 'Guillermina Valdez');
INSERT INTO `subjects` (id_subject, name, teacher) VALUES (17, 'Dispositivos Electrónicos', 'Fabian Cubero');
INSERT INTO `subjects` (id_subject, name, teacher) VALUES (18, 'Electrónica Aplicada I', 'Cristian Quercia');
INSERT INTO `subjects` (id_subject, name, teacher) VALUES (19, 'Medios de Enlace', 'Micaela Rodriguez');
INSERT INTO `subjects` (id_subject, name, teacher) VALUES (20, 'Inglés Técnico Nivel II', 'Carlos Tevez');
INSERT INTO `subjects` (id_subject, name, teacher) VALUES (21, 'Técnicas Digitales II', 'Guillermina Valdez');
INSERT INTO `subjects` (id_subject, name, teacher) VALUES (22, 'Medidas Electrónicas I', 'Nicolas Otamendi');
INSERT INTO `subjects` (id_subject, name, teacher) VALUES (23, 'Teoría de los Circuitos II', 'Marcelo Gallardo');
INSERT INTO `subjects` (id_subject, name, teacher) VALUES (24, 'Máquinas e Instalaciones Eléctricas', 'Roberto Carlos');
INSERT INTO `subjects` (id_subject, name, teacher) VALUES (25, 'Legislación', 'Puntorero');
INSERT INTO `subjects` (id_subject, name, teacher) VALUES (26, 'Sistemas de Comunicaciones', 'Joaquin Gonzales');
INSERT INTO `subjects` (id_subject, name, teacher) VALUES (27, 'Electrónica Aplicada II', 'Cristian Quercia');
INSERT INTO `subjects` (id_subject, name, teacher) VALUES (28, 'Seguridad, Higiene y Medio Ambiente', 'Marcela Boom');
INSERT INTO `subjects` (id_subject, name, teacher) VALUES (29, 'Técnicas Digitales III', 'Guillermina Valdez');
INSERT INTO `subjects` (id_subject, name, teacher) VALUES (30, 'Medidas Electrónicas II', 'Nicolas Otamendi');
INSERT INTO `subjects` (id_subject, name, teacher) VALUES (31, 'Sistemas de Control', 'Nicolas Perez');
INSERT INTO `subjects` (id_subject, name, teacher) VALUES (32, 'Electrónica Aplicada III', 'Cristian Quercia');	
INSERT INTO `subjects` (id_subject, name, teacher) VALUES (33, 'Tecnología Electrónica', 'Fabian Correa');
INSERT INTO `subjects` (id_subject, name, teacher) VALUES (34, 'Electrónica de Potencia', 'Cristian Quercia');
INSERT INTO `subjects` (id_subject, name, teacher) VALUES (35, 'Organización Industrial', 'Aixa Hizto');
INSERT INTO `subjects` (id_subject, name, teacher) VALUES (36, 'Práctica Supervisada', 'Javier Cañete');
INSERT INTO `subjects` (id_subject, name, teacher) VALUES (37, 'Economía', 'Alberto Fernandez');
INSERT INTO `subjects` (id_subject, name, teacher) VALUES (38, 'Proyecto Final', 'Pablo Echarri');
INSERT INTO `subjects` (id_subject, name, teacher) VALUES (39, 'Aeronáutica I', 'Nestor Serravale');						
INSERT INTO `subjects` (id_subject, name, teacher) VALUES (40, 'Química General', 'Fernando Bambi');							
INSERT INTO `subjects` (id_subject, name, teacher) VALUES (41, 'Computación', 'Rocio Marengo');				
INSERT INTO `subjects` (id_subject, name, teacher) VALUES (42, 'Aeronáutica II', 'Nestor Serravale');
INSERT INTO `subjects` (id_subject, name, teacher) VALUES (43, 'Estructuras Aeronáuticas I', 'Julian Alvarez');	
INSERT INTO `subjects` (id_subject, name, teacher) VALUES (44, 'Ciencia de los Materiales I', 'Sergio Romero');	
INSERT INTO `subjects` (id_subject, name, teacher) VALUES (45, 'Mecánica', 'Nicolas Stella');	
INSERT INTO `subjects` (id_subject, name, teacher) VALUES (46, 'Ciencia de los Materiales II', 'Sergio Romero');	
INSERT INTO `subjects` (id_subject, name, teacher) VALUES (47, 'Matemáticas Aplicadas a la Aeronáutica', 'Nicolas Sandoval');	
INSERT INTO `subjects` (id_subject, name, teacher) VALUES (48, 'Representación Gráfica en Aeronáutica', 'Barassi');
INSERT INTO `subjects` (id_subject, name, teacher) VALUES (49, 'Sistemas del Avión', 'Aero Plane');	
INSERT INTO `subjects` (id_subject, name, teacher) VALUES (50, 'Estructuras Aeronáuticas II', 'Julian Alvarez');
INSERT INTO `subjects` (id_subject, name, teacher) VALUES (51, 'Electrotecnia', 'Luis Suarez');
INSERT INTO `subjects` (id_subject, name, teacher) VALUES (52, 'Mecánica del Continuo', 'Nicolas Stella');
INSERT INTO `subjects` (id_subject, name, teacher) VALUES (53, 'Termodinámica Técnica', 'Fabian Izco');	
INSERT INTO `subjects` (id_subject, name, teacher) VALUES (54, 'Electrónica', 'Cristian Quercia');	
INSERT INTO `subjects` (id_subject, name, teacher) VALUES (55, 'Mecánica de los Fluidos', 'Kevin Montero');	
INSERT INTO `subjects` (id_subject, name, teacher) VALUES (56, 'Proyecto y Diseño Aerodinámico', 'Micaela Nilsen');
INSERT INTO `subjects` (id_subject, name, teacher) VALUES (57, 'Estructuras Aeronáuticas III', 'Julian Alvarez');	
INSERT INTO `subjects` (id_subject, name, teacher) VALUES (58, 'Mecanismos', 'Pedro Hiz');		
INSERT INTO `subjects` (id_subject, name, teacher) VALUES (59, 'Aerodinámica Teórica', 'Nestor Serravale');	
INSERT INTO `subjects` (id_subject, name, teacher) VALUES (60, 'Instrumentos y Mediciones', 'Sebastian Stra');	
INSERT INTO `subjects` (id_subject, name, teacher) VALUES (61, 'Mecánica del Vuelo', 'Guillermo Fly');
INSERT INTO `subjects` (id_subject, name, teacher) VALUES (62, 'Propulsión', 'Oscar Perez');	
INSERT INTO `subjects` (id_subject, name, teacher) VALUES (63, 'Proyecto y Diseño de Estructuras Aeronáuticas', 'Gaston Guado');
INSERT INTO `subjects` (id_subject, name, teacher) VALUES (64, 'Proceso de Fabricación de Aviones', 'Daniel Jorge');	
INSERT INTO `subjects` (id_subject, name, teacher) VALUES (65, 'Normativa Aeronáutica', 'Puntorero');
INSERT INTO `subjects` (id_subject, name, teacher) VALUES (66, 'Mantenimiento General de Aeronaves', 'Leonardo Vila');
INSERT INTO `subjects` (id_subject, name, teacher) VALUES (67, 'Aeropuertos, Aeronavegación e Impacto Ambiental', 'Santiago Medina');	
INSERT INTO `subjects` (id_subject, name, teacher) VALUES (68, 'Programación I', 'Alejandro Camba');			
INSERT INTO `subjects` (id_subject, name, teacher) VALUES (69, 'Sistema de Procesamiento de Datos', 'Mauro Godin');			
INSERT INTO `subjects` (id_subject, name, teacher) VALUES (70, 'Matemática', 'Nicolas Sandoval');					
INSERT INTO `subjects` (id_subject, name, teacher) VALUES (71, 'Laboratorio de Computación I', 'Guillermo Rauch');		
INSERT INTO `subjects` (id_subject, name, teacher) VALUES (72, 'Programación II', 'Alejandro Camba');
INSERT INTO `subjects` (id_subject, name, teacher) VALUES (73, 'Arquitectura y Sistemas Operativos', 'Mauro Godin');
INSERT INTO `subjects` (id_subject, name, teacher) VALUES (74, 'Laboratorio de Computación II', 'Guillermo Rauch');
INSERT INTO `subjects` (id_subject, name, teacher) VALUES (75, 'Metodología de la Investigación', 'Ines Perez');			
INSERT INTO `subjects` (id_subject, name, teacher) VALUES (76, 'Programación III', 'Alejandro Camba');
INSERT INTO `subjects` (id_subject, name, teacher) VALUES (77, 'Organización Contable de la Empresa', 'Laura Gutierrez');
INSERT INTO `subjects` (id_subject, name, teacher) VALUES (78, 'Organización Empresarial', 'Laura Gutierrez');
INSERT INTO `subjects` (id_subject, name, teacher) VALUES (79, 'Elementos de la Investigación Operativa', 'Fabricio Coloccini');
INSERT INTO `subjects` (id_subject, name, teacher) VALUES (80, 'Laboratorio de Computación III', 'Mauro Godin');
INSERT INTO `subjects` (id_subject, name, teacher) VALUES (81, 'Metodología de Sistemas', 'Ines Perez');
INSERT INTO `subjects` (id_subject, name, teacher) VALUES (82, 'Diseño y Administración de Bases de Datos', 'Guillermo Rauch');		
INSERT INTO `subjects` (id_subject, name, teacher) VALUES (83, 'Laboratorio de Computación IV', 'Alejandro Camba');

INSERT INTO `careers` (id_career, name) VALUES (1, 'Ingeniería Electrónica');
INSERT INTO `careers` (id_career, name) VALUES (2, 'Ingeniería Aeronáutica');
INSERT INTO `careers` (id_career, name) VALUES (3, 'Tecnicatura Universitaria en Programación');

INSERT INTO `subjects_careers` (id_subject, id_career) VALUES (1, 1);
INSERT INTO `subjects_careers` (id_subject, id_career) VALUES (2, 1);
INSERT INTO `subjects_careers` (id_subject, id_career) VALUES (3, 1);
INSERT INTO `subjects_careers` (id_subject, id_career) VALUES (4, 1);
INSERT INTO `subjects_careers` (id_subject, id_career) VALUES (5, 1);
INSERT INTO `subjects_careers` (id_subject, id_career) VALUES (6, 1);
INSERT INTO `subjects_careers` (id_subject, id_career) VALUES (7, 1);
INSERT INTO `subjects_careers` (id_subject, id_career) VALUES (8, 1);
INSERT INTO `subjects_careers` (id_subject, id_career) VALUES (9, 1);
INSERT INTO `subjects_careers` (id_subject, id_career) VALUES (10, 1);
INSERT INTO `subjects_careers` (id_subject, id_career) VALUES (11, 1);
INSERT INTO `subjects_careers` (id_subject, id_career) VALUES (12, 1);
INSERT INTO `subjects_careers` (id_subject, id_career) VALUES (13, 1);
INSERT INTO `subjects_careers` (id_subject, id_career) VALUES (14, 1);
INSERT INTO `subjects_careers` (id_subject, id_career) VALUES (15, 1);
INSERT INTO `subjects_careers` (id_subject, id_career) VALUES (16, 1);
INSERT INTO `subjects_careers` (id_subject, id_career) VALUES (17, 1);
INSERT INTO `subjects_careers` (id_subject, id_career) VALUES (18, 1);
INSERT INTO `subjects_careers` (id_subject, id_career) VALUES (19, 1);
INSERT INTO `subjects_careers` (id_subject, id_career) VALUES (20, 1);
INSERT INTO `subjects_careers` (id_subject, id_career) VALUES (21, 1);
INSERT INTO `subjects_careers` (id_subject, id_career) VALUES (22, 1);
INSERT INTO `subjects_careers` (id_subject, id_career) VALUES (23, 1);
INSERT INTO `subjects_careers` (id_subject, id_career) VALUES (24, 1);
INSERT INTO `subjects_careers` (id_subject, id_career) VALUES (25, 1);
INSERT INTO `subjects_careers` (id_subject, id_career) VALUES (26, 1);
INSERT INTO `subjects_careers` (id_subject, id_career) VALUES (27, 1);
INSERT INTO `subjects_careers` (id_subject, id_career) VALUES (28, 1);
INSERT INTO `subjects_careers` (id_subject, id_career) VALUES (29, 1);
INSERT INTO `subjects_careers` (id_subject, id_career) VALUES (30, 1);
INSERT INTO `subjects_careers` (id_subject, id_career) VALUES (31, 1);
INSERT INTO `subjects_careers` (id_subject, id_career) VALUES (32, 1);
INSERT INTO `subjects_careers` (id_subject, id_career) VALUES (33, 1);
INSERT INTO `subjects_careers` (id_subject, id_career) VALUES (34, 1);
INSERT INTO `subjects_careers` (id_subject, id_career) VALUES (35, 1);
INSERT INTO `subjects_careers` (id_subject, id_career) VALUES (36, 1);
INSERT INTO `subjects_careers` (id_subject, id_career) VALUES (37, 1);
INSERT INTO `subjects_careers` (id_subject, id_career) VALUES (38, 1);
INSERT INTO `subjects_careers` (id_subject, id_career) VALUES (3, 2);
INSERT INTO `subjects_careers` (id_subject, id_career) VALUES (9, 2);
INSERT INTO `subjects_careers` (id_subject, id_career) VALUES (25, 2);
INSERT INTO `subjects_careers` (id_subject, id_career) VALUES (39, 2);
INSERT INTO `subjects_careers` (id_subject, id_career) VALUES (40, 2);
INSERT INTO `subjects_careers` (id_subject, id_career) VALUES (41, 2);
INSERT INTO `subjects_careers` (id_subject, id_career) VALUES (42, 2);
INSERT INTO `subjects_careers` (id_subject, id_career) VALUES (43, 2);
INSERT INTO `subjects_careers` (id_subject, id_career) VALUES (44, 2);
INSERT INTO `subjects_careers` (id_subject, id_career) VALUES (45, 2);
INSERT INTO `subjects_careers` (id_subject, id_career) VALUES (46, 2);
INSERT INTO `subjects_careers` (id_subject, id_career) VALUES (47, 2);
INSERT INTO `subjects_careers` (id_subject, id_career) VALUES (48, 2);
INSERT INTO `subjects_careers` (id_subject, id_career) VALUES (49, 2);
INSERT INTO `subjects_careers` (id_subject, id_career) VALUES (50, 2);
INSERT INTO `subjects_careers` (id_subject, id_career) VALUES (51, 2);
INSERT INTO `subjects_careers` (id_subject, id_career) VALUES (52, 2);
INSERT INTO `subjects_careers` (id_subject, id_career) VALUES (53, 2);
INSERT INTO `subjects_careers` (id_subject, id_career) VALUES (54, 2);
INSERT INTO `subjects_careers` (id_subject, id_career) VALUES (55, 2);
INSERT INTO `subjects_careers` (id_subject, id_career) VALUES (56, 2);
INSERT INTO `subjects_careers` (id_subject, id_career) VALUES (57, 2);
INSERT INTO `subjects_careers` (id_subject, id_career) VALUES (58, 2);
INSERT INTO `subjects_careers` (id_subject, id_career) VALUES (59, 2);
INSERT INTO `subjects_careers` (id_subject, id_career) VALUES (60, 2);
INSERT INTO `subjects_careers` (id_subject, id_career) VALUES (61, 2);
INSERT INTO `subjects_careers` (id_subject, id_career) VALUES (62, 2);
INSERT INTO `subjects_careers` (id_subject, id_career) VALUES (63, 2);
INSERT INTO `subjects_careers` (id_subject, id_career) VALUES (64, 2);
INSERT INTO `subjects_careers` (id_subject, id_career) VALUES (65, 2);
INSERT INTO `subjects_careers` (id_subject, id_career) VALUES (66, 2);
INSERT INTO `subjects_careers` (id_subject, id_career) VALUES (67, 2);
INSERT INTO `subjects_careers` (id_subject, id_career) VALUES (25, 3);
INSERT INTO `subjects_careers` (id_subject, id_career) VALUES (68, 3);
INSERT INTO `subjects_careers` (id_subject, id_career) VALUES (69, 3);
INSERT INTO `subjects_careers` (id_subject, id_career) VALUES (70, 3);
INSERT INTO `subjects_careers` (id_subject, id_career) VALUES (71, 3);
INSERT INTO `subjects_careers` (id_subject, id_career) VALUES (72, 3);
INSERT INTO `subjects_careers` (id_subject, id_career) VALUES (73, 3);
INSERT INTO `subjects_careers` (id_subject, id_career) VALUES (74, 3);
INSERT INTO `subjects_careers` (id_subject, id_career) VALUES (75, 3);
INSERT INTO `subjects_careers` (id_subject, id_career) VALUES (76, 3);
INSERT INTO `subjects_careers` (id_subject, id_career) VALUES (77, 3);
INSERT INTO `subjects_careers` (id_subject, id_career) VALUES (78, 3);
INSERT INTO `subjects_careers` (id_subject, id_career) VALUES (79, 3);
INSERT INTO `subjects_careers` (id_subject, id_career) VALUES (80, 3);
INSERT INTO `subjects_careers` (id_subject, id_career) VALUES (81, 3);
INSERT INTO `subjects_careers` (id_subject, id_career) VALUES (82, 3);
INSERT INTO `subjects_careers` (id_subject, id_career) VALUES (83, 3);

INSERT INTO `administrators` (id_administrator, name, lastname, email, password) VALUES (1, "administrator", "administrator", "administrator", "29987e08ab73577b171e3cd96a4c643387014c6d25e0c92d130908effcfd71be");